expert,profile_url,post_count_for_expert,post_rank,author_name,author_public_identifier,posted_at,posted_ago,post_url,feed_url,likes,comments,shares,content_chars,post_format,has_image,is_repost,content_signal
Jason Bay,https://www.linkedin.com/in/jasondbay/,15,1,Jason Bay,jasondbay,2026-06-25,1d,https://www.linkedin.com/posts/jasondbay_first-outbound-squad-off-site-in-the-books-activity-7475895650052726784-9frh,https://www.linkedin.com/feed/update/urn:li:share:7475695644259688448,70,30,3,1871,image,True,False,cold email; cold calling; pipeline/building demand
Jason Bay,https://www.linkedin.com/in/jasondbay/,15,2,Jason Bay,jasondbay,2026-06-24,2d,https://www.linkedin.com/posts/jasondbay_adam-block-is-the-former-cro-at-motive-a-activity-7475563454456586240-zf48,https://www.linkedin.com/feed/update/urn:li:share:7475474272522522624,102,13,1,2195,text,False,False,leadership/career; discovery/qualification
Jason Bay,https://www.linkedin.com/in/jasondbay/,15,3,Jason Bay,jasondbay,2026-06-23,3d,https://www.linkedin.com/posts/jasondbay_we-recently-helped-300-aes-at-iheartmedia-activity-7475201033279819796-JPN4,https://www.linkedin.com/feed/update/urn:li:ugcPost:7475073661440270336,58,14,3,2600,text,False,False,cold email; LinkedIn/social selling; sales training
Jason Bay,https://www.linkedin.com/in/jasondbay/,15,4,Jason Bay,jasondbay,2026-06-22,4d,https://www.linkedin.com/posts/jasondbay_i-send-10000-cold-emails-a-day-but-i-activity-7474838615852883968-xPGk,https://www.linkedin.com/feed/update/urn:li:share:7474751050726547456,65,24,3,1071,image,True,False,cold email; cold calling; discovery/qualification
Jason Bay,https://www.linkedin.com/in/jasondbay/,15,5,Jason Bay,jasondbay,2026-06-19,1w,https://www.linkedin.com/posts/jasondbay_luke-abbott-is-one-of-the-best-sales-execs-activity-7473751461827616768-Pt3_,https://www.linkedin.com/feed/update/urn:li:share:7473396767900712960,19,12,0,733,text,False,False,general sales/content
Jason Bay,https://www.linkedin.com/in/jasondbay/,15,6,Jason Bay,jasondbay,2026-06-18,1w,https://www.linkedin.com/posts/jasondbay_if-i-was-a-bdr-or-ae-trying-to-break-into-activity-7473389073361973248-cyNd,https://www.linkedin.com/feed/update/urn:li:ugcPost:7473335750713819136,38,13,3,2724,text,False,False,cold email; referrals; sales training
Jason Bay,https://www.linkedin.com/in/jasondbay/,15,7,Jason Bay,jasondbay,2026-06-17,1w,https://www.linkedin.com/posts/jasondbay_if-i-were-looking-to-hire-my-next-all-star-activity-7473026692974792704-NdUh,https://www.linkedin.com/feed/update/urn:li:ugcPost:7472968554267582464,53,22,5,1527,text,False,False,cold email; pipeline/building demand; AI/sales tech
Jason Bay,https://www.linkedin.com/in/jasondbay/,15,8,Jason Bay,jasondbay,2026-06-16,1w,https://www.linkedin.com/posts/jasondbay_cold-outbound-is-only-one-flavor-of-pipegen-activity-7472664393638547457-vKQU,https://www.linkedin.com/feed/update/urn:li:ugcPost:7472566236917268480,46,19,2,1525,text,False,False,cold email; cold calling; referrals
Jason Bay,https://www.linkedin.com/in/jasondbay/,15,9,Jason Bay,jasondbay,2026-06-11,2w,https://www.linkedin.com/posts/jasondbay_250-sales-teams-10000-reps-heres-the-activity-7470853434464989184-mCNH,https://www.linkedin.com/feed/update/urn:li:share:7470853432799698946,41,17,3,2244,text,False,False,cold calling; pipeline/building demand
Jason Bay,https://www.linkedin.com/in/jasondbay/,15,10,Jason Bay,jasondbay,2026-06-11,2w,https://www.linkedin.com/posts/jasondbay_cults-ai-in-sales-and-bank-robberies-what-activity-7470834115928342528-ZYJb,https://www.linkedin.com/feed/update/urn:li:share:7470834114355609600,98,24,0,1020,image,True,False,cold calling; AI/sales tech
Jason Bay,https://www.linkedin.com/in/jasondbay/,15,11,Jason Bay,jasondbay,2026-06-10,2w,https://www.linkedin.com/posts/jasondbay_best-thing-weve-done-this-year-is-getting-activity-7470507937036398592-C8fp,https://www.linkedin.com/feed/update/urn:li:share:7470507933647204353,73,32,1,1194,image,True,False,sales training; pipeline/building demand
Jason Bay,https://www.linkedin.com/in/jasondbay/,15,12,Jason Bay,jasondbay,2026-06-09,2w,https://www.linkedin.com/posts/jasondbay_not-all-humans-are-fit-for-outbound-tara-activity-7470127581493825537-wSb7,https://www.linkedin.com/feed/update/urn:li:ugcPost:7470080627678003203,44,24,2,1376,text,False,False,cold calling; sales training; pipeline/building demand
Jason Bay,https://www.linkedin.com/in/jasondbay/,15,13,Jason Bay,jasondbay,2026-06-05,3w,https://www.linkedin.com/posts/jasondbay_i-disagree-that-the-first-line-of-a-cold-activity-7468678070321770497-EtBb,https://www.linkedin.com/feed/update/urn:li:share:7468253857890873344,196,45,4,1881,image,True,False,cold email; referrals; pipeline/building demand
Jason Bay,https://www.linkedin.com/in/jasondbay/,15,14,Jason Bay,jasondbay,2026-06-04,3w,https://www.linkedin.com/posts/jasondbay_rippling-has-some-crazy-good-plays-for-booking-activity-7468315673451143169-ZylD,https://www.linkedin.com/feed/update/urn:li:ugcPost:7468246207090499584,34,9,1,2255,text,False,False,cold email; cold calling; AI/sales tech
Jason Bay,https://www.linkedin.com/in/jasondbay/,15,15,Jason Bay,jasondbay,2026-06-03,3w,https://www.linkedin.com/posts/jasondbay_the-buyer-needs-to-respect-you-before-they-activity-7467953272067354624-Kdk5,https://www.linkedin.com/feed/update/urn:li:ugcPost:7467881812359491585,40,16,7,1138,text,False,False,cold calling; AI/sales tech; discovery/qualification
Armand Farrokh,https://www.linkedin.com/in/armand-farrokh,15,1,Armand Farrokh,armand-farrokh,2026-06-25,1d,https://www.linkedin.com/posts/armand-farrokh_prospect-says-will-you-hold-the-price-till-activity-7475964057230143488-mHRl,https://www.linkedin.com/feed/update/urn:li:share:7475964056382697472,45,11,1,1091,text,False,False,pipeline/building demand; events/keynotes; negotiation/closing
Armand Farrokh,https://www.linkedin.com/in/armand-farrokh,15,2,Armand Farrokh,armand-farrokh,2026-06-22,4d,https://www.linkedin.com/posts/armand-farrokh_sales-people-get-a-bad-rap-because-theres-activity-7474850995311648771-o0t8,https://www.linkedin.com/feed/update/urn:li:share:7474850993512542208,79,20,0,2347,image,True,False,referrals; pipeline/building demand; negotiation/closing
Armand Farrokh,https://www.linkedin.com/in/armand-farrokh,15,3,Armand Farrokh,armand-farrokh,2026-06-16,1w,https://www.linkedin.com/posts/armand-farrokh_this-is-my-go-to-negotiation-question-that-activity-7472700037303541760-aD_U,https://www.linkedin.com/feed/update/urn:li:share:7472700036775112704,63,17,4,570,text,False,False,negotiation/closing
Armand Farrokh,https://www.linkedin.com/in/armand-farrokh,15,4,Armand Farrokh,armand-farrokh,2026-06-10,2w,https://www.linkedin.com/posts/armand-farrokh_wanna-book-more-meetings-on-linkedin-dont-activity-7470495116378554370-wCB3,https://www.linkedin.com/feed/update/urn:li:share:7470495115782893568,86,17,4,749,text,False,False,cold email; LinkedIn/social selling
Armand Farrokh,https://www.linkedin.com/in/armand-farrokh,15,5,Armand Farrokh,armand-farrokh,2026-06-09,2w,https://www.linkedin.com/posts/armand-farrokh_theres-only-one-meeting-in-which-you-can-activity-7470142126417276928-RGxQ,https://www.linkedin.com/feed/update/urn:li:share:7470142124697681920,40,24,2,1567,image,True,False,negotiation/closing
Armand Farrokh,https://www.linkedin.com/in/armand-farrokh,15,6,Armand Farrokh,armand-farrokh,2026-06-08,2w,https://www.linkedin.com/posts/armand-farrokh_when-you-have-no-pipeline-in-sales-you-activity-7469800677146529792-WZdE,https://www.linkedin.com/feed/update/urn:li:share:7469800676072689664,69,13,3,848,image,True,False,referrals; pipeline/building demand; negotiation/closing
Armand Farrokh,https://www.linkedin.com/in/armand-farrokh,15,7,Armand Farrokh,armand-farrokh,2026-06-02,3w,https://www.linkedin.com/posts/armand-farrokh_video-prospecting-can-book-a-ton-of-meetings-activity-7467602181211197441-gstO,https://www.linkedin.com/feed/update/urn:li:share:7465464208726433792,80,13,0,142,image,True,False,pipeline/building demand
Armand Farrokh,https://www.linkedin.com/in/armand-farrokh,15,8,Armand Farrokh,armand-farrokh,2026-06-01,3w,https://www.linkedin.com/posts/armand-farrokh_we-made-a-huge-change-to-our-pricing-last-activity-7467243687857618945-Pifp,https://www.linkedin.com/feed/update/urn:li:share:7467243685982814209,116,17,6,2058,image,True,False,discovery/qualification; negotiation/closing
Armand Farrokh,https://www.linkedin.com/in/armand-farrokh,15,9,Armand Farrokh,armand-farrokh,2026-05-29,4w,https://www.linkedin.com/posts/armand-farrokh_live-whiteboarding-the-org-chart-has-completely-activity-7466183177544400896-9Ozr,https://www.linkedin.com/feed/update/urn:li:share:7466183176466628608,36,8,7,1486,image,True,False,sales training; discovery/qualification
Armand Farrokh,https://www.linkedin.com/in/armand-farrokh,15,10,Armand Farrokh,armand-farrokh,2026-05-27,4w,https://www.linkedin.com/posts/armand-farrokh_sales-life-hack-listening-to-my-teams-gong-activity-7465454378418855938-kPnQ,https://www.linkedin.com/feed/update/urn:li:share:7465454377366061056,150,19,0,239,image,True,False,general sales/content
Armand Farrokh,https://www.linkedin.com/in/armand-farrokh,15,11,Armand Farrokh,armand-farrokh,2026-05-26,1mo,https://www.linkedin.com/posts/armand-farrokh_sellers-its-a-4-day-work-week-if-you-activity-7465081760351932416-xEkN,https://www.linkedin.com/feed/update/urn:li:share:7465081759760842752,46,10,0,998,text,False,False,cold calling; pipeline/building demand
Armand Farrokh,https://www.linkedin.com/in/armand-farrokh,15,12,Armand Farrokh,armand-farrokh,2026-05-22,1mo,https://www.linkedin.com/posts/armand-farrokh_about-a-month-ago-i-switched-jobs-with-my-activity-7463597649020170242-xTey,https://www.linkedin.com/feed/update/urn:li:share:7463597647241723905,203,30,0,1996,image,True,False,events/keynotes
Armand Farrokh,https://www.linkedin.com/in/armand-farrokh,15,13,Armand Farrokh,armand-farrokh,2026-05-20,1mo,https://www.linkedin.com/posts/armand-farrokh_this-is-our-go-to-slide-we-use-to-start-multithreading-activity-7462867363017674753-Y6LZ,https://www.linkedin.com/feed/update/urn:li:share:7462867362090946561,54,11,5,610,image,True,False,general sales/content
Armand Farrokh,https://www.linkedin.com/in/armand-farrokh,15,14,Armand Farrokh,armand-farrokh,2026-05-14,1mo,https://www.linkedin.com/posts/armand-farrokh_yesterday-i-flopped-pretty-hard-on-a-customer-activity-7460718709926563840-kBtO,https://www.linkedin.com/feed/update/urn:li:share:7460718708827598848,93,12,6,579,image,True,False,events/keynotes
Armand Farrokh,https://www.linkedin.com/in/armand-farrokh,15,15,Armand Farrokh,armand-farrokh,2026-05-13,1mo,https://www.linkedin.com/posts/armand-farrokh_the-best-sdr-hiring-test-is-the-mock-cold-activity-7460330846978387968-CNwy,https://www.linkedin.com/feed/update/urn:li:ugcPost:7460330771359191040,122,21,5,865,text,False,False,cold calling; sales training; leadership/career
John Barrows,https://www.linkedin.com/in/johnbarrows/,15,1,John Barrows,johnbarrows,2026-06-26,4h,https://www.linkedin.com/posts/johnbarrows_bebetter-aislop-activity-7476277069904003072-zAeZ,https://www.linkedin.com/feed/update/urn:li:share:7476277068549386240,35,25,0,673,image,True,False,pipeline/building demand; AI/sales tech
John Barrows,https://www.linkedin.com/in/johnbarrows/,15,2,John Barrows,johnbarrows,2026-06-25,1d,https://www.linkedin.com/posts/johnbarrows_apollopartner-apolloanywhere-makeithappen-activity-7475918722575007747-0N_v,https://www.linkedin.com/feed/update/urn:li:share:7475918719517499392,69,28,1,2002,image,True,False,cold email; AI/sales tech
John Barrows,https://www.linkedin.com/in/johnbarrows/,15,3,John Barrows,johnbarrows,2026-06-24,2d,https://www.linkedin.com/posts/johnbarrows_most-managers-and-parents-think-theyre-activity-7475603773999173632-yL9g,https://www.linkedin.com/feed/update/urn:li:ugcPost:7475603679417356288,45,23,0,1771,text,False,False,leadership/career; discovery/qualification
John Barrows,https://www.linkedin.com/in/johnbarrows/,15,4,John Barrows,johnbarrows,2026-06-23,3d,https://www.linkedin.com/posts/johnbarrows_makeithappen-activity-7475176086696513536-AO39,https://www.linkedin.com/feed/update/urn:li:share:7474942956597080064,27,39,0,2911,image,True,False,pipeline/building demand; AI/sales tech; leadership/career
John Barrows,https://www.linkedin.com/in/johnbarrows/,15,5,John Barrows,johnbarrows,2026-06-17,1w,https://www.linkedin.com/posts/johnbarrows_life-imitates-art-far-more-than-art-imitates-activity-7473007091582984192-DjPQ,https://www.linkedin.com/feed/update/urn:li:share:7473007090278486016,98,40,0,1760,image,True,False,general sales/content
John Barrows,https://www.linkedin.com/in/johnbarrows/,15,6,John Barrows,johnbarrows,2026-06-16,1w,https://www.linkedin.com/posts/johnbarrows_leaders-do-you-have-a-fear-based-culture-activity-7472631054193868801-YvU7,https://www.linkedin.com/feed/update/urn:li:ugcPost:7472630931317506048,32,14,1,436,text,False,False,general sales/content
John Barrows,https://www.linkedin.com/in/johnbarrows/,15,7,John Barrows,johnbarrows,2026-06-15,1w,https://www.linkedin.com/posts/johnbarrows_this-weeks-replace-or-rebuild-linkedin-activity-7472279008643117059-yAxB,https://www.linkedin.com/feed/update/urn:li:ugcPost:7472279008274104320,32,10,0,85,text,False,False,LinkedIn/social selling
John Barrows,https://www.linkedin.com/in/johnbarrows/,15,8,John Barrows,johnbarrows,2026-06-10,2w,https://www.linkedin.com/posts/johnbarrows_makeithappen-sales-prospecting-activity-7470490922867392512-YcLJ,https://www.linkedin.com/feed/update/urn:li:share:7470490921667743744,42,19,1,1734,image,True,False,cold email; sales training; pipeline/building demand
John Barrows,https://www.linkedin.com/in/johnbarrows/,15,9,John Barrows,johnbarrows,2026-06-05,3w,https://www.linkedin.com/posts/johnbarrows_incoming-rant-i-recorded-this-2-weeks-ago-activity-7468699118647787520-CPbU,https://www.linkedin.com/feed/update/urn:li:ugcPost:7468698459328516096,197,107,6,1432,text,False,False,AI/sales tech
John Barrows,https://www.linkedin.com/in/johnbarrows/,15,10,John Barrows,johnbarrows,2026-06-05,3w,https://www.linkedin.com/posts/johnbarrows_what-does-mentorship-mean-to-you-i-was-activity-7468633394038517760-jQmS,https://www.linkedin.com/feed/update/urn:li:ugcPost:7468633283095089153,29,18,1,1761,text,False,False,sales training; leadership/career; negotiation/closing
John Barrows,https://www.linkedin.com/in/johnbarrows/,15,11,John Barrows,johnbarrows,2026-06-03,3w,https://www.linkedin.com/posts/johnbarrows_35-reduction-in-discounting-doesnt-seem-activity-7468008488825434112-Ph53,https://www.linkedin.com/feed/update/urn:li:share:7468008487986282496,41,18,0,337,image,True,False,sales training
John Barrows,https://www.linkedin.com/in/johnbarrows/,15,12,John Barrows,johnbarrows,2026-06-02,3w,https://www.linkedin.com/posts/johnbarrows_last-quarter-the-emea-sdr-team-at-perk-started-activity-7467559083819089920-JumZ,https://www.linkedin.com/feed/update/urn:li:ugcPost:7467559082904854528,25,9,0,1605,repost,False,True,sales training; leadership/career
John Barrows,https://www.linkedin.com/in/johnbarrows/,15,13,John Barrows,johnbarrows,2026-06-01,3w,https://www.linkedin.com/posts/johnbarrows_i-need-some-help-starting-the-week-off-with-activity-7467211533253574656--llM,https://www.linkedin.com/feed/update/urn:li:share:7467211532372770816,117,150,1,1511,text,False,False,cold email; AI/sales tech; negotiation/closing
John Barrows,https://www.linkedin.com/in/johnbarrows/,15,14,John Barrows,johnbarrows,2026-05-29,4w,https://www.linkedin.com/posts/johnbarrows_whats-more-important-right-now-in-sales-activity-7466167902405316608-M9lY,https://www.linkedin.com/feed/update/urn:li:ugcPost:7466167901528576000,44,52,0,617,text,False,False,AI/sales tech; discovery/qualification
John Barrows,https://www.linkedin.com/in/johnbarrows/,15,15,John Barrows,johnbarrows,2026-05-28,4w,https://www.linkedin.com/posts/johnbarrows_makeithappen-activity-7465765578088042496-xq6k,https://www.linkedin.com/feed/update/urn:li:share:7465474788610985984,154,28,1,1749,image,True,False,cold email; sales training; pipeline/building demand
Sam McKenna,https://www.linkedin.com/in/samsalesli,15,1,Samantha McKenna,samsalesli,2026-06-26,3h,https://www.linkedin.com/posts/samsalesli_samsales-samsales-samsales-activity-7476288349184434176-rpgx,https://www.linkedin.com/feed/update/urn:li:share:7476288347787689984,48,24,3,565,image,True,False,events/keynotes
Sam McKenna,https://www.linkedin.com/in/samsalesli,15,2,Samantha McKenna,samsalesli,2026-06-25,1d,https://www.linkedin.com/posts/samsalesli_samsales-activity-7475893665782009856-Csn_,https://www.linkedin.com/feed/update/urn:li:ugcPost:7475893663827439617,184,62,0,1531,image,True,False,events/keynotes
Sam McKenna,https://www.linkedin.com/in/samsalesli,15,3,Samantha McKenna,samsalesli,2026-06-24,1d,https://www.linkedin.com/posts/samsalesli_samsales-activity-7475640757425565696-w2el,https://www.linkedin.com/feed/update/urn:li:share:7475640754695081984,114,45,0,933,text,False,False,general sales/content
Sam McKenna,https://www.linkedin.com/in/samsalesli,15,4,Samantha McKenna,samsalesli,2026-06-23,3d,https://www.linkedin.com/posts/samsalesli_samsales-grammarlypartner-activity-7475209916199235585-XrPa,https://www.linkedin.com/feed/update/urn:li:share:7475209915523895296,55,34,0,1181,text,False,False,cold email; pipeline/building demand; leadership/career
Sam McKenna,https://www.linkedin.com/in/samsalesli,15,5,Samantha McKenna,samsalesli,2026-06-18,1w,https://www.linkedin.com/posts/samsalesli_samsales-samsales-activity-7473352808277184513-v4R0,https://www.linkedin.com/feed/update/urn:li:share:7473352807115337728,257,76,0,1073,image,True,False,leadership/career
Sam McKenna,https://www.linkedin.com/in/samsalesli,15,6,Samantha McKenna,samsalesli,2026-06-17,1w,https://www.linkedin.com/posts/samsalesli_samsales-activity-7473057241894465536-WnYb,https://www.linkedin.com/feed/update/urn:li:share:7473057239117832192,199,57,2,1456,text,False,False,sales training; leadership/career; discovery/qualification
Sam McKenna,https://www.linkedin.com/in/samsalesli,15,7,Samantha McKenna,samsalesli,2026-06-16,1w,https://www.linkedin.com/posts/samsalesli_samsales-lieb-activity-7472733454447656960-qif4,https://www.linkedin.com/feed/update/urn:li:ugcPost:7472733284138131457,74,27,0,2240,text,False,False,events/keynotes
Sam McKenna,https://www.linkedin.com/in/samsalesli,15,8,Samantha McKenna,samsalesli,2026-06-15,1w,https://www.linkedin.com/posts/samsalesli_samsales-activity-7472334363393720321-hIrt,https://www.linkedin.com/feed/update/urn:li:share:7472334360692731904,98,46,0,1558,text,False,False,discovery/qualification
Sam McKenna,https://www.linkedin.com/in/samsalesli,15,9,Samantha McKenna,samsalesli,2026-06-12,2w,https://www.linkedin.com/posts/samsalesli_samsales-activity-7471206494529748993-WMW2,https://www.linkedin.com/feed/update/urn:li:share:7471206492629753856,107,40,0,2074,text,False,False,cold email; referrals; discovery/qualification
Sam McKenna,https://www.linkedin.com/in/samsalesli,15,10,Samantha McKenna,samsalesli,2026-06-11,2w,https://www.linkedin.com/posts/samsalesli_samsales-activity-7470894373103304704-M-OU,https://www.linkedin.com/feed/update/urn:li:share:7470533512585117697,84,26,1,2297,text,False,False,cold email; sales training; events/keynotes
Sam McKenna,https://www.linkedin.com/in/samsalesli,15,11,Samantha McKenna,samsalesli,2026-06-11,2w,https://www.linkedin.com/posts/samsalesli_samsales-activity-7470804848091893760-u9_A,https://www.linkedin.com/feed/update/urn:li:share:7470804846900723712,157,43,2,581,image,True,False,general sales/content
Sam McKenna,https://www.linkedin.com/in/samsalesli,15,12,Samantha McKenna,samsalesli,2026-06-10,2w,https://www.linkedin.com/posts/samsalesli_samsales-samsales-activity-7470516046647599105-c-1L,https://www.linkedin.com/feed/update/urn:li:share:7470516044529582081,309,63,4,1483,text,False,False,cold email; discovery/qualification; negotiation/closing
Sam McKenna,https://www.linkedin.com/in/samsalesli,15,13,Samantha McKenna,samsalesli,2026-06-09,2w,https://www.linkedin.com/posts/samsalesli_samsales-activity-7470165962462306307-iO63,https://www.linkedin.com/feed/update/urn:li:share:7470165961606885378,75,48,0,1554,text,False,False,LinkedIn/social selling; sales training; discovery/qualification
Sam McKenna,https://www.linkedin.com/in/samsalesli,15,14,Samantha McKenna,samsalesli,2026-06-09,2w,https://www.linkedin.com/posts/samsalesli_samsales-smykm-activity-7470098227053334528-y2Ci,https://www.linkedin.com/feed/update/urn:li:share:7470098224226267137,73,28,0,1001,text,False,False,cold email; AI/sales tech; discovery/qualification
Sam McKenna,https://www.linkedin.com/in/samsalesli,15,15,Samantha McKenna,samsalesli,2026-06-08,2w,https://www.linkedin.com/posts/samsalesli_samsales-activity-7469787218874757120-4jNc,https://www.linkedin.com/feed/update/urn:li:share:7469787217402593302,439,50,0,2116,text,False,False,LinkedIn/social selling; negotiation/closing
Morgan J Ingram,https://www.linkedin.com/in/morganjingramamp,15,1,Morgan J Ingram,morganjingramamp,2026-06-24,2d,https://www.linkedin.com/posts/morganjingramamp_i-talked-to-a-vp-at-one-of-the-largest-sales-activity-7475539643313090560-AlM6,https://www.linkedin.com/feed/update/urn:li:share:7475539641740431360,160,156,3,2256,text,False,False,cold email; cold calling; LinkedIn/social selling
Morgan J Ingram,https://www.linkedin.com/in/morganjingramamp,15,2,Morgan J Ingram,morganjingramamp,2026-06-22,4d,https://www.linkedin.com/posts/morganjingramamp_i-spent-9-weeks-straight-in-arizona-without-activity-7474814810707210240-Hr0A,https://www.linkedin.com/feed/update/urn:li:share:7474814809528528896,123,46,1,1967,image,True,False,LinkedIn/social selling; negotiation/closing
Morgan J Ingram,https://www.linkedin.com/in/morganjingramamp,15,3,Morgan J Ingram,morganjingramamp,2026-06-18,1w,https://www.linkedin.com/posts/morganjingramamp_consensuspartner-activity-7473357547815559168-z8ZO,https://www.linkedin.com/feed/update/urn:li:share:7473357546871869440,78,37,0,2060,text,False,False,cold email; discovery/qualification; negotiation/closing
Morgan J Ingram,https://www.linkedin.com/in/morganjingramamp,15,4,Morgan J Ingram,morganjingramamp,2026-06-17,1w,https://www.linkedin.com/posts/morganjingramamp_i-am-seeing-multiple-companies-that-cut-their-activity-7473007325990174720-zbOG,https://www.linkedin.com/feed/update/urn:li:share:7473007323301650432,175,79,2,2106,text,False,False,cold email; cold calling; LinkedIn/social selling
Morgan J Ingram,https://www.linkedin.com/in/morganjingramamp,15,5,Morgan J Ingram,morganjingramamp,2026-06-15,1w,https://www.linkedin.com/posts/morganjingramamp_2018-2-million-impressions-per-month-on-activity-7472295525753602051-Kl1z,https://www.linkedin.com/feed/update/urn:li:share:7472295522641358848,131,90,0,2043,image,True,False,LinkedIn/social selling; pipeline/building demand
Morgan J Ingram,https://www.linkedin.com/in/morganjingramamp,15,6,Morgan J Ingram,morganjingramamp,2026-06-10,2w,https://www.linkedin.com/posts/morganjingramamp_my-take-is-that-the-way-were-chasing-ai-activity-7470448451105759232-L1x9,https://www.linkedin.com/feed/update/urn:li:share:7470319545522667520,102,131,0,2786,text,False,False,cold calling; AI/sales tech; events/keynotes
Morgan J Ingram,https://www.linkedin.com/in/morganjingramamp,15,7,Morgan J Ingram,morganjingramamp,2026-06-09,2w,https://www.linkedin.com/posts/morganjingramamp_this-one-claude-prompt-replaced-3-hours-of-activity-7470114548918841344-Rm-6,https://www.linkedin.com/feed/update/urn:li:ugcPost:7470114379267534848,87,40,1,2172,text,False,False,sales training; AI/sales tech; events/keynotes
Morgan J Ingram,https://www.linkedin.com/in/morganjingramamp,15,8,Morgan J Ingram,morganjingramamp,2026-06-08,2w,https://www.linkedin.com/posts/morganjingramamp_after-a-decade-in-outbound-i-think-i-finally-activity-7469742943440916480-6ipi,https://www.linkedin.com/feed/update/urn:li:share:7469742940211331072,80,50,1,2325,image,True,False,LinkedIn/social selling; AI/sales tech; discovery/qualification
Morgan J Ingram,https://www.linkedin.com/in/morganjingramamp,15,9,Morgan J Ingram,morganjingramamp,2026-06-07,2w,https://www.linkedin.com/posts/morganjingramamp_two-years-ago-i-looked-around-the-valley-activity-7469380328453943297-daxP,https://www.linkedin.com/feed/update/urn:li:share:7469380325358592000,119,29,0,1118,image,True,False,events/keynotes
Morgan J Ingram,https://www.linkedin.com/in/morganjingramamp,15,10,Morgan J Ingram,morganjingramamp,2026-06-03,3w,https://www.linkedin.com/posts/morganjingramamp_i-believe-sdrae-teams-need-to-spend-less-activity-7467920464514809856-c-B8,https://www.linkedin.com/feed/update/urn:li:share:7467920461780176897,144,62,1,2196,text,False,False,AI/sales tech; events/keynotes; discovery/qualification
Morgan J Ingram,https://www.linkedin.com/in/morganjingramamp,15,11,Morgan J Ingram,morganjingramamp,2026-06-02,3w,https://www.linkedin.com/posts/morganjingramamp_i-coached-an-ae-team-that-booked-5-c-suite-activity-7467568082769793024-_0OK,https://www.linkedin.com/feed/update/urn:li:ugcPost:7467567983259856896,102,34,3,1621,text,False,False,sales training; pipeline/building demand
Morgan J Ingram,https://www.linkedin.com/in/morganjingramamp,15,12,Morgan J Ingram,morganjingramamp,2026-06-01,3w,https://www.linkedin.com/posts/morganjingramamp_i-was-running-a-race-at-full-speed-and-my-activity-7467223669342146560-So8_,https://www.linkedin.com/feed/update/urn:li:share:7467223666238431235,86,70,0,1496,image,True,False,general sales/content
Morgan J Ingram,https://www.linkedin.com/in/morganjingramamp,15,13,Morgan J Ingram,morganjingramamp,2026-05-30,3w,https://www.linkedin.com/posts/morganjingramamp_this-is-easily-one-of-my-greatest-pickleball-activity-7466472275425546240-VSPc,https://www.linkedin.com/feed/update/urn:li:ugcPost:7466472245910085632,42,11,2,89,text,False,False,general sales/content
Morgan J Ingram,https://www.linkedin.com/in/morganjingramamp,15,14,Morgan J Ingram,morganjingramamp,2026-05-29,4w,https://www.linkedin.com/posts/morganjingramamp_i-feel-like-a-new-tool-gets-added-every-five-activity-7466141405036314624-t8cw,https://www.linkedin.com/feed/update/urn:li:ugcPost:7466141404210307073,63,30,1,447,text,False,False,general sales/content
Morgan J Ingram,https://www.linkedin.com/in/morganjingramamp,15,15,Morgan J Ingram,morganjingramamp,2026-05-28,4w,https://www.linkedin.com/posts/morganjingramamp_outbound-is-starting-to-lose-its-humanity-activity-7465752709292503040-d_C-,https://www.linkedin.com/feed/update/urn:li:share:7465752706515775489,99,55,1,1902,text,False,False,referrals; LinkedIn/social selling; pipeline/building demand
Alex Berman,https://www.linkedin.com/in/alexanderberman,15,1,Alex Berman®,alexanderberman,2026-06-26,14h,https://www.linkedin.com/posts/alexanderberman_the-free-cash-flow-figure-you-walked-your-activity-7476116275623026688-MtCH,https://www.linkedin.com/feed/update/urn:li:share:7476116274570231809,3,4,0,1021,image,True,False,negotiation/closing
Alex Berman,https://www.linkedin.com/in/alexanderberman,15,2,Alex Berman®,alexanderberman,2026-06-25,1d,https://www.linkedin.com/posts/alexanderberman_tether-pays-its-users-zero-percent-interest-activity-7475761313655488513-614K,https://www.linkedin.com/feed/update/urn:li:share:7475761312430456833,6,5,0,1171,image,True,False,general sales/content
Alex Berman,https://www.linkedin.com/in/alexanderberman,15,3,Alex Berman®,alexanderberman,2026-06-24,2d,https://www.linkedin.com/posts/alexanderberman_meta-is-launching-a-prediction-markets-app-activity-7475396149835886592-Ls-U,https://www.linkedin.com/feed/update/urn:li:share:7475396147977785344,9,11,0,1187,image,True,False,general sales/content
Alex Berman,https://www.linkedin.com/in/alexanderberman,15,4,Alex Berman®,alexanderberman,2026-06-23,3d,https://www.linkedin.com/posts/alexanderberman_if-you-run-a-business-with-one-cash-machine-activity-7475181121090125826-jKP8,https://www.linkedin.com/feed/update/urn:li:share:7475181119269666819,7,8,0,975,image,True,False,AI/sales tech
Alex Berman,https://www.linkedin.com/in/alexanderberman,15,5,Alex Berman®,alexanderberman,2026-06-22,4d,https://www.linkedin.com/posts/alexanderberman_ubers-engineers-burned-a-full-year-of-ai-activity-7474675986278686720-QWp-,https://www.linkedin.com/feed/update/urn:li:share:7474675983250370560,10,9,0,1512,image,True,False,AI/sales tech; leadership/career; negotiation/closing
Alex Berman,https://www.linkedin.com/in/alexanderberman,15,6,Alex Berman®,alexanderberman,2026-06-21,5d,https://www.linkedin.com/posts/alexanderberman_a-client-came-to-me-with-what-should-have-activity-7474472455755968512-Hq3k,https://www.linkedin.com/feed/update/urn:li:share:7473742414717820929,9,5,0,2349,text,False,False,cold email; referrals; sales training
Alex Berman,https://www.linkedin.com/in/alexanderberman,15,7,Alex Berman®,alexanderberman,2026-06-18,1w,https://www.linkedin.com/posts/alexanderberman_i-gained-1240-linkedin-followers-in-2-weeks-activity-7473370738951905282-I6he,https://www.linkedin.com/feed/update/urn:li:share:7473370737362223104,10,5,0,2148,text,False,False,cold email; LinkedIn/social selling; sales training
Alex Berman,https://www.linkedin.com/in/alexanderberman,15,8,Alex Berman®,alexanderberman,2026-06-17,1w,https://www.linkedin.com/posts/alexanderberman_my-accountant-asked-me-to-categorize-some-activity-7473001463040983041-M6sJ,https://www.linkedin.com/feed/update/urn:li:share:7473001460666875905,12,5,0,1691,text,False,False,cold email; LinkedIn/social selling; sales training
Alex Berman,https://www.linkedin.com/in/alexanderberman,15,9,Alex Berman®,alexanderberman,2026-06-16,1w,https://www.linkedin.com/posts/alexanderberman_i-made-100-cold-calls-to-prove-its-not-luck-activity-7472666444854525952-cV7O,https://www.linkedin.com/feed/update/urn:li:share:7472666444158226433,7,5,0,1979,text,False,False,cold email; cold calling; LinkedIn/social selling
Alex Berman,https://www.linkedin.com/in/alexanderberman,15,10,Alex Berman®,alexanderberman,2026-06-15,1w,https://www.linkedin.com/posts/alexanderberman_weve-booked-over-500000-meetings-across-activity-7472265350219411457-hSLi,https://www.linkedin.com/feed/update/urn:li:share:7472265348721819649,9,5,0,2186,text,False,False,cold email; sales training; discovery/qualification
Alex Berman,https://www.linkedin.com/in/alexanderberman,15,11,Alex Berman®,alexanderberman,2026-06-14,1w,https://www.linkedin.com/posts/alexanderberman_cold-email-is-not-about-subject-lines-activity-7471916873882730499-lnO4,https://www.linkedin.com/feed/update/urn:li:share:7471209985847357440,6,5,0,1832,text,False,False,cold email; LinkedIn/social selling; sales training
Alex Berman,https://www.linkedin.com/in/alexanderberman,15,12,Alex Berman®,alexanderberman,2026-06-13,1w,https://www.linkedin.com/posts/alexanderberman_stop-playing-with-clay-and-start-sending-activity-7471565799623733249-kWgG,https://www.linkedin.com/feed/update/urn:li:share:7471209365665046528,9,4,0,1935,text,False,False,cold email; sales training; pipeline/building demand
Alex Berman,https://www.linkedin.com/in/alexanderberman,15,13,Alex Berman®,alexanderberman,2026-06-12,2w,https://www.linkedin.com/posts/alexanderberman_someone-has-to-say-this-right-now-there-activity-7471208362664411136-o1ZQ,https://www.linkedin.com/feed/update/urn:li:share:7471208361703866373,4,1,0,2050,text,False,False,cold email; LinkedIn/social selling; sales training
Alex Berman,https://www.linkedin.com/in/alexanderberman,15,14,Alex Berman®,alexanderberman,2026-06-11,2w,https://www.linkedin.com/posts/alexanderberman_most-people-say-cold-email-is-dead-that-activity-7470847230057365505-shPD,https://www.linkedin.com/feed/update/urn:li:share:7470847227591114752,11,6,0,2318,text,False,False,cold email; LinkedIn/social selling; sales training
Alex Berman,https://www.linkedin.com/in/alexanderberman,15,15,Alex Berman®,alexanderberman,2026-06-10,2w,https://www.linkedin.com/posts/alexanderberman_when-i-get-a-cold-email-my-first-thought-activity-7470466799864729601-E2Vx,https://www.linkedin.com/feed/update/urn:li:share:7470466797037772801,11,3,0,2557,text,False,False,cold email; sales training; negotiation/closing
Collin Stewart,https://www.linkedin.com/in/collinstewart/,15,1,Collin Stewart,collinstewart,2026-06-25,1d,https://www.linkedin.com/posts/collinstewart_ai-customeronboarding-saas-activity-7475973783112089600-JOU_,https://www.linkedin.com/feed/update/urn:li:ugcPost:7475973650672787457,3,1,0,369,text,False,False,AI/sales tech
Collin Stewart,https://www.linkedin.com/in/collinstewart/,15,2,Collin Stewart,collinstewart,2026-06-24,2d,https://www.linkedin.com/posts/collinstewart_outboundemails-startup-coldemail-activity-7475540767323668480-4p_4,https://www.linkedin.com/feed/update/urn:li:ugcPost:7474650800074567680,3,1,1,838,text,False,False,cold email
Collin Stewart,https://www.linkedin.com/in/collinstewart/,15,3,Collin Stewart,collinstewart,2026-06-23,3d,https://www.linkedin.com/posts/collinstewart_teachtosell-salesadvice-activity-7475185897689235456-cDNv,https://www.linkedin.com/feed/update/urn:li:share:7474908379849740288,9,2,1,609,image,True,False,negotiation/closing
Collin Stewart,https://www.linkedin.com/in/collinstewart/,15,4,Collin Stewart,collinstewart,2026-06-22,4d,https://www.linkedin.com/posts/collinstewart_early-revenue-can-make-you-feel-like-a-genius-activity-7474827303559278592-IqOY,https://www.linkedin.com/feed/update/urn:li:ugcPost:7474615719909920768,3,2,1,713,text,False,False,pipeline/building demand; negotiation/closing
Collin Stewart,https://www.linkedin.com/in/collinstewart/,15,5,Collin Stewart,collinstewart,2026-06-19,6d,https://www.linkedin.com/posts/collinstewart_predictablerevenuepodcast-activity-7473837915622719488-KWTc,https://www.linkedin.com/feed/update/urn:li:ugcPost:7473837733052936192,5,1,0,289,text,False,False,AI/sales tech
Collin Stewart,https://www.linkedin.com/in/collinstewart/,15,6,Collin Stewart,collinstewart,2026-06-17,1w,https://www.linkedin.com/posts/collinstewart_customeracquisition-activity-7473049590808674304-4Lkq,https://www.linkedin.com/feed/update/urn:li:share:7473049588975906817,4,2,0,715,text,False,False,general sales/content
Collin Stewart,https://www.linkedin.com/in/collinstewart/,15,7,Collin Stewart,collinstewart,2026-06-17,1w,https://www.linkedin.com/posts/collinstewart_a-relationship-first-campaign-feels-slow-activity-7472830247382642688-ANnS,https://www.linkedin.com/feed/update/urn:li:ugcPost:7472830246900199424,2,1,0,547,text,False,False,discovery/qualification
Collin Stewart,https://www.linkedin.com/in/collinstewart/,15,8,Collin Stewart,collinstewart,2026-06-15,1w,https://www.linkedin.com/posts/collinstewart_the-first-10-customers-should-teach-you-more-activity-7472335744951480321-Q1k9,https://www.linkedin.com/feed/update/urn:li:share:7472335743672061952,19,5,3,595,image,True,False,general sales/content
Collin Stewart,https://www.linkedin.com/in/collinstewart/,15,9,Collin Stewart,collinstewart,2026-06-12,2w,https://www.linkedin.com/posts/collinstewart_sales-activity-7471222115430522880-rvz2,https://www.linkedin.com/feed/update/urn:li:ugcPost:7471222114495201282,2,1,0,482,repost,False,True,cold email; pipeline/building demand
Collin Stewart,https://www.linkedin.com/in/collinstewart/,15,10,Collin Stewart,collinstewart,2026-06-11,2w,https://www.linkedin.com/posts/collinstewart_had-the-chance-to-discuss-with-dan-rochon-activity-7470895147594076160-9UGm,https://www.linkedin.com/feed/update/urn:li:ugcPost:7470894978261716995,3,1,0,291,text,False,False,general sales/content
Collin Stewart,https://www.linkedin.com/in/collinstewart/,15,11,Collin Stewart,collinstewart,2026-06-09,2w,https://www.linkedin.com/posts/collinstewart_im-a-huge-clay-fan-it-might-be-the-most-activity-7470190773867560961-jfh6,https://www.linkedin.com/feed/update/urn:li:ugcPost:7470190773469310976,10,4,0,582,text,False,False,general sales/content
Collin Stewart,https://www.linkedin.com/in/collinstewart/,15,12,Collin Stewart,collinstewart,2026-06-08,2w,https://www.linkedin.com/posts/collinstewart_video-games-might-become-better-talent-assessments-activity-7469888325491978241-yOwx,https://www.linkedin.com/feed/update/urn:li:ugcPost:7469888324502052864,1,1,0,720,repost,False,True,leadership/career
Collin Stewart,https://www.linkedin.com/in/collinstewart/,15,13,Collin Stewart,collinstewart,2026-06-05,3w,https://www.linkedin.com/posts/collinstewart_cold-email-is-not-dead-but-generic-timing-activity-7468711069595848704-mbZI,https://www.linkedin.com/feed/update/urn:li:share:7468711066911502336,6,3,0,755,text,False,False,cold email
Collin Stewart,https://www.linkedin.com/in/collinstewart/,15,14,Collin Stewart,collinstewart,2026-06-04,3w,https://www.linkedin.com/posts/collinstewart_ai-chatgpt-claude-activity-7468358017940475904-wzFS,https://www.linkedin.com/feed/update/urn:li:ugcPost:7468357859144245249,6,1,0,817,text,False,False,AI/sales tech; discovery/qualification
Collin Stewart,https://www.linkedin.com/in/collinstewart/,15,15,Collin Stewart,collinstewart,2026-06-03,3w,https://www.linkedin.com/posts/collinstewart_the-most-dangerous-feedback-a-founder-can-activity-7467936503407747072-pSUG,https://www.linkedin.com/feed/update/urn:li:share:7467936500337242112,3,3,0,848,image,True,False,pipeline/building demand; negotiation/closing
Kyle Vamvouris,https://www.linkedin.com/in/kylevamvouris/,15,1,Kyle Vamvouris,kylevamvouris,2026-06-25,19h,https://www.linkedin.com/posts/kylevamvouris_heres-what-youll-learn-the-6-part-diagnostic-activity-7476044678824472576-2tkH,https://www.linkedin.com/feed/update/urn:li:ugcPost:7476044677675110400,1,1,0,586,text,False,False,sales training; AI/sales tech; discovery/qualification
Kyle Vamvouris,https://www.linkedin.com/in/kylevamvouris/,15,2,Kyle Vamvouris,kylevamvouris,2026-06-18,1w,https://www.linkedin.com/posts/kylevamvouris_heres-what-youll-learn-how-to-turn-activity-7473496976517562368-AZYu,https://www.linkedin.com/feed/update/urn:li:ugcPost:7473496975368171520,3,7,0,614,text,False,False,sales training; AI/sales tech; discovery/qualification
Kyle Vamvouris,https://www.linkedin.com/in/kylevamvouris/,15,3,Kyle Vamvouris,kylevamvouris,2026-06-15,1w,https://www.linkedin.com/posts/kylevamvouris_after-spending-2-years-building-ai-agents-activity-7472332118589612032-KcBL,https://www.linkedin.com/feed/update/urn:li:share:7470612664663048192,4,3,0,1021,text,False,False,AI/sales tech
Kyle Vamvouris,https://www.linkedin.com/in/kylevamvouris/,15,4,Kyle Vamvouris,kylevamvouris,2026-06-11,2w,https://www.linkedin.com/posts/kylevamvouris_it-takes-a-lot-for-ai-to-be-useful-for-companies-activity-7470882576577175552-Xp7h,https://www.linkedin.com/feed/update/urn:li:share:7470612439642869760,1,1,0,944,text,False,False,AI/sales tech
Kyle Vamvouris,https://www.linkedin.com/in/kylevamvouris/,15,5,Kyle Vamvouris,kylevamvouris,2026-06-10,2w,https://www.linkedin.com/posts/kylevamvouris_heres-what-youll-learn-how-to-centralize-activity-7470609026771505153-_zhl,https://www.linkedin.com/feed/update/urn:li:ugcPost:7470609025404162048,5,3,0,532,text,False,False,AI/sales tech
Kyle Vamvouris,https://www.linkedin.com/in/kylevamvouris/,15,6,Kyle Vamvouris,kylevamvouris,2026-06-08,2w,https://www.linkedin.com/posts/kylevamvouris_reps-listen-to-coaching-more-when-the-data-activity-7469795429388517376-PMI2,https://www.linkedin.com/feed/update/urn:li:share:7468099148928438272,2,1,0,930,text,False,False,sales training; AI/sales tech
Kyle Vamvouris,https://www.linkedin.com/in/kylevamvouris/,15,7,Kyle Vamvouris,kylevamvouris,2026-06-04,3w,https://www.linkedin.com/posts/kylevamvouris_most-sales-coaching-is-based-on-what-the-activity-7468391129957384193-Kg51,https://www.linkedin.com/feed/update/urn:li:share:7468098533187874816,5,6,0,1183,text,False,False,sales training; AI/sales tech; leadership/career
Kyle Vamvouris,https://www.linkedin.com/in/kylevamvouris/,15,8,Kyle Vamvouris,kylevamvouris,2026-05-28,4w,https://www.linkedin.com/posts/kylevamvouris_sometimes-ai-outputs-are-amazing-and-other-activity-7465854440965578753-N7t1,https://www.linkedin.com/feed/update/urn:li:share:7465746465043275776,4,1,0,954,text,False,False,cold email; AI/sales tech; discovery/qualification
Kyle Vamvouris,https://www.linkedin.com/in/kylevamvouris/,15,9,Kyle Vamvouris,kylevamvouris,2026-05-22,1mo,https://www.linkedin.com/posts/kylevamvouris_improving-my-ai-agent-activity-7463619149521637376-j4-a,https://www.linkedin.com/feed/update/urn:li:ugcPost:7463619147030114305,6,2,0,0,text,False,False,general sales/content
Kyle Vamvouris,https://www.linkedin.com/in/kylevamvouris/,15,10,Kyle Vamvouris,kylevamvouris,2026-05-22,1mo,https://www.linkedin.com/posts/kylevamvouris_heres-what-youll-learn-the-simple-framework-activity-7463378418613686272-NfJg,https://www.linkedin.com/feed/update/urn:li:ugcPost:7463378417544237057,4,0,0,587,text,False,False,AI/sales tech
Kyle Vamvouris,https://www.linkedin.com/in/kylevamvouris/,15,11,Kyle Vamvouris,kylevamvouris,2026-05-19,1mo,https://www.linkedin.com/posts/kylevamvouris_ive-gotten-3476725-views-on-instagram-activity-7462558890874990592-T4jv,https://www.linkedin.com/feed/update/urn:li:share:7462558890245926913,3,7,0,1277,text,False,False,AI/sales tech
Kyle Vamvouris,https://www.linkedin.com/in/kylevamvouris/,15,12,Kyle Vamvouris,kylevamvouris,2026-05-15,1mo,https://www.linkedin.com/posts/kylevamvouris_heres-what-youll-learn-build-an-ai-agent-activity-7460970752520089600-OapJ,https://www.linkedin.com/feed/update/urn:li:ugcPost:7460970751332954112,8,3,0,326,text,False,False,AI/sales tech
Kyle Vamvouris,https://www.linkedin.com/in/kylevamvouris/,15,13,Kyle Vamvouris,kylevamvouris,2026-05-11,1mo,https://www.linkedin.com/posts/kylevamvouris_quick-question-for-saas-founders-when-was-activity-7459618521954631680-s-j5,https://www.linkedin.com/feed/update/urn:li:share:7457973982718500864,8,0,0,1075,text,False,False,AI/sales tech
Kyle Vamvouris,https://www.linkedin.com/in/kylevamvouris/,15,14,Kyle Vamvouris,kylevamvouris,2026-05-08,1mo,https://www.linkedin.com/posts/kylevamvouris_building-an-ai-agent-activity-7458575301204185088-aiCO,https://www.linkedin.com/feed/update/urn:li:ugcPost:7458575298931118080,8,0,0,0,text,False,False,general sales/content
Kyle Vamvouris,https://www.linkedin.com/in/kylevamvouris/,15,15,Kyle Vamvouris,kylevamvouris,2026-05-02,1mo,https://www.linkedin.com/posts/kylevamvouris_heres-what-youll-learn-the-two-way-activity-7456473096800313344-6B4K,https://www.linkedin.com/feed/update/urn:li:ugcPost:7456473095701381120,4,2,0,503,text,False,False,AI/sales tech
Richard Harris,https://www.linkedin.com/in/rharris415/,15,1,Richard Harris™,rharris415,2026-06-15,1w,https://www.linkedin.com/posts/rharris415_the-sales-lies-we-tell-ourselves-part-3-activity-7472271799649648642-oeLU,https://www.linkedin.com/feed/update/urn:li:share:7469665338356314112,12,13,0,1580,text,False,False,discovery/qualification; negotiation/closing
Richard Harris,https://www.linkedin.com/in/rharris415/,15,2,Richard Harris™,rharris415,2026-06-15,1w,https://www.linkedin.com/posts/rharris415_poor-crm-management-up-date-this-isnt-activity-7472211305446187008-k6Ur,https://www.linkedin.com/feed/update/urn:li:share:7471481971177627648,5,7,0,757,text,False,False,leadership/career
Richard Harris,https://www.linkedin.com/in/rharris415/,15,3,Richard Harris™,rharris415,2026-06-11,2w,https://www.linkedin.com/posts/rharris415_the-sales-lies-we-tell-ourselves-part-2-activity-7470822221721149440-3SMD,https://www.linkedin.com/feed/update/urn:li:share:7469664574510641152,9,9,0,1356,text,False,False,leadership/career; negotiation/closing
Richard Harris,https://www.linkedin.com/in/rharris415/,15,4,Richard Harris™,rharris415,2026-06-10,2w,https://www.linkedin.com/posts/rharris415_laundris-saas-surfandsales-activity-7470468028619468801-1qUY,https://www.linkedin.com/feed/update/urn:li:share:7470468027860545537,14,5,0,337,repost,False,True,general sales/content
Richard Harris,https://www.linkedin.com/in/rharris415/,15,5,Richard Harris™,rharris415,2026-06-09,2w,https://www.linkedin.com/posts/rharris415_the-sales-lies-we-tell-ourselves-part-1-activity-7470097372149301249-3uS1,https://www.linkedin.com/feed/update/urn:li:share:7469661188826546176,14,18,1,1256,text,False,False,cold email; cold calling; pipeline/building demand
Richard Harris,https://www.linkedin.com/in/rharris415/,15,6,Richard Harris™,rharris415,2026-06-01,3w,https://www.linkedin.com/posts/rharris415_vibe-coding-is-the-new-pandemic-of-thats-activity-7467266042059395072-Ss6V,https://www.linkedin.com/feed/update/urn:li:share:7467266041492983808,10,3,0,498,text,False,False,general sales/content
Richard Harris,https://www.linkedin.com/in/rharris415/,15,7,Richard Harris™,rharris415,2026-05-29,3w,https://www.linkedin.com/posts/rharris415_current-build-vs-buy-conundrums-1-build-activity-7466265874723737600-0oYE,https://www.linkedin.com/feed/update/urn:li:share:7464813319539896320,7,8,0,785,text,False,False,general sales/content
Richard Harris,https://www.linkedin.com/in/rharris415/,15,8,Richard Harris™,rharris415,2026-05-29,4w,https://www.linkedin.com/posts/rharris415_the-surf-sales-summit-activity-7466128666679316481-jF9r,https://www.linkedin.com/feed/update/urn:li:share:7466128665521864707,25,12,0,1132,text,False,False,general sales/content
Richard Harris,https://www.linkedin.com/in/rharris415/,15,9,Richard Harris™,rharris415,2026-05-27,4w,https://www.linkedin.com/posts/rharris415_stop-asking-about-timeline-in-your-sales-activity-7465499571184476160-jP-p,https://www.linkedin.com/feed/update/urn:li:ugcPost:7463653836352790528,28,12,0,139,text,False,False,general sales/content
Richard Harris,https://www.linkedin.com/in/rharris415/,15,10,Richard Harris™,rharris415,2026-05-26,4w,https://www.linkedin.com/posts/rharris415_there-is-one-thing-all-sales-leaders-love-activity-7465144832852668417-ro4p,https://www.linkedin.com/feed/update/urn:li:ugcPost:7463653036020867072,6,0,0,81,text,False,False,general sales/content
Richard Harris,https://www.linkedin.com/in/rharris415/,15,11,Richard Harris™,rharris415,2026-05-25,1mo,https://www.linkedin.com/posts/rharris415_stop-asking-for-decision-makers-in-sales-activity-7464676661934993408-bhXI,https://www.linkedin.com/feed/update/urn:li:ugcPost:7463652471266152448,9,3,0,446,text,False,False,general sales/content
Richard Harris,https://www.linkedin.com/in/rharris415/,15,12,Richard Harris™,rharris415,2026-05-25,1mo,https://www.linkedin.com/posts/rharris415_the-difference-in-sales-in-leadership-may-activity-7464669124133171200-NAQj,https://www.linkedin.com/feed/update/urn:li:share:7464105657022169088,4,2,0,146,text,False,False,leadership/career
Richard Harris,https://www.linkedin.com/in/rharris415/,15,13,Richard Harris™,rharris415,2026-05-22,1mo,https://www.linkedin.com/posts/rharris415_what-if-i-told-you-to-stop-hiring-sales-people-activity-7463651323310317569-rkZH,https://www.linkedin.com/feed/update/urn:li:ugcPost:7463650969285894144,7,2,0,68,text,False,False,general sales/content
Richard Harris,https://www.linkedin.com/in/rharris415/,15,14,Richard Harris™,rharris415,2026-05-21,1mo,https://www.linkedin.com/posts/rharris415_dumbest-things-i-have-seen-sales-leaders-activity-7463292416540848128-NsNo,https://www.linkedin.com/feed/update/urn:li:share:7463292415077130240,87,96,0,613,text,False,False,LinkedIn/social selling; pipeline/building demand; leadership/career
Richard Harris,https://www.linkedin.com/in/rharris415/,15,15,Richard Harris™,rharris415,2026-05-19,1mo,https://www.linkedin.com/posts/rharris415_just-walked-onto-a-sales-floor-and-the-top-activity-7462493684198957056-9mbG,https://www.linkedin.com/feed/update/urn:li:share:7462493683658178560,202,22,1,342,text,False,False,cold calling
Marcus Chan,https://www.linkedin.com/in/marcuschanmba/,15,1,Marcus Chan,marcuschanmba,2026-06-26,6h,https://www.linkedin.com/posts/marcuschanmba_the-real-culprit-their-own-system-activity-7476242956971327490-XVkf,https://www.linkedin.com/feed/update/urn:li:ugcPost:7476084172663554048,27,31,6,1152,document,False,False,leadership/career
Marcus Chan,https://www.linkedin.com/in/marcuschanmba/,15,2,Marcus Chan,marcuschanmba,2026-06-26,16h,https://www.linkedin.com/posts/marcuschanmba_your-sdr-is-trained-to-fail-300-dials-a-activity-7476091930611843072-IPKD,https://www.linkedin.com/feed/update/urn:li:ugcPost:7475825412653096960,22,12,2,730,text,False,False,leadership/career; events/keynotes
Marcus Chan,https://www.linkedin.com/in/marcuschanmba/,15,3,Marcus Chan,marcuschanmba,2026-06-25,21h,https://www.linkedin.com/posts/marcuschanmba_every-bad-sales-hire-costs-you-240k-activity-7476016381340045312-FoyB,https://www.linkedin.com/feed/update/urn:li:ugcPost:7475535135757672448,25,7,9,1336,document,False,False,cold calling; sales training; pipeline/building demand
Marcus Chan,https://www.linkedin.com/in/marcuschanmba/,15,4,Marcus Chan,marcuschanmba,2026-06-25,1d,https://www.linkedin.com/posts/marcuschanmba_8-ways-leaders-kill-outbound-before-it-starts-activity-7475880571014107136-2GZr,https://www.linkedin.com/feed/update/urn:li:ugcPost:7475534802901835776,21,24,4,1053,document,False,False,sales training; AI/sales tech; leadership/career
Marcus Chan,https://www.linkedin.com/in/marcuschanmba/,15,5,Marcus Chan,marcuschanmba,2026-06-25,1d,https://www.linkedin.com/posts/marcuschanmba_nothing-fails-like-success-nigel-green-said-activity-7475729486093881344-yL2l,https://www.linkedin.com/feed/update/urn:li:ugcPost:7475337411342884864,21,16,4,921,text,False,False,pipeline/building demand; negotiation/closing
Marcus Chan,https://www.linkedin.com/in/marcuschanmba/,15,6,Marcus Chan,marcuschanmba,2026-06-24,1d,https://www.linkedin.com/posts/marcuschanmba_pick-any-deal-in-your-aes-pipeline-ask-activity-7475653998323367936-Lzzz,https://www.linkedin.com/feed/update/urn:li:ugcPost:7475336185612181504,31,22,4,957,text,False,False,sales training; pipeline/building demand; discovery/qualification
Marcus Chan,https://www.linkedin.com/in/marcuschanmba/,15,7,Marcus Chan,marcuschanmba,2026-06-24,2d,https://www.linkedin.com/posts/marcuschanmba_your-champion-cant-defend-this-deal-to-activity-7475518145240256512-X8aW,https://www.linkedin.com/feed/update/urn:li:ugcPost:7475174439555616768,26,34,4,2587,document,False,False,cold email; sales training; pipeline/building demand
Marcus Chan,https://www.linkedin.com/in/marcuschanmba/,15,8,Marcus Chan,marcuschanmba,2026-06-24,2d,https://www.linkedin.com/posts/marcuschanmba_it-costs-us-a-lot-every-rep-hears-this-activity-7475367123226210304-zBs4,https://www.linkedin.com/feed/update/urn:li:ugcPost:7475032758206029824,23,19,2,624,text,False,False,pipeline/building demand; discovery/qualification
Marcus Chan,https://www.linkedin.com/in/marcuschanmba/,15,9,Marcus Chan,marcuschanmba,2026-06-23,2d,https://www.linkedin.com/posts/marcuschanmba_5-mistakes-are-killing-73-of-your-discovery-activity-7475284114900733952-c2fG,https://www.linkedin.com/feed/update/urn:li:ugcPost:7474819046836727809,24,25,4,1540,document,False,False,referrals; sales training; pipeline/building demand
Marcus Chan,https://www.linkedin.com/in/marcuschanmba/,15,10,Marcus Chan,marcuschanmba,2026-06-23,3d,https://www.linkedin.com/posts/marcuschanmba_your-rep-just-had-their-first-call-in-2-months-activity-7475155740404408320-g6lq,https://www.linkedin.com/feed/update/urn:li:share:7474808111321731073,44,32,5,1962,image,True,False,cold email; sales training; pipeline/building demand
Marcus Chan,https://www.linkedin.com/in/marcuschanmba/,15,11,Marcus Chan,marcuschanmba,2026-06-23,3d,https://www.linkedin.com/posts/marcuschanmba_challenger-sale-is-killing-your-team-the-activity-7475004708219297792-Z6IY,https://www.linkedin.com/feed/update/urn:li:ugcPost:7474649608166526977,32,32,6,948,text,False,False,pipeline/building demand; discovery/qualification; negotiation/closing
Marcus Chan,https://www.linkedin.com/in/marcuschanmba/,15,12,Marcus Chan,marcuschanmba,2026-06-22,3d,https://www.linkedin.com/posts/marcuschanmba_he-told-me-to-come-back-in-six-months-i-activity-7474929219349733376-DeAm,https://www.linkedin.com/feed/update/urn:li:ugcPost:7474648079221288960,38,24,6,1189,document,False,False,referrals; pipeline/building demand; events/keynotes
Marcus Chan,https://www.linkedin.com/in/marcuschanmba/,15,13,Marcus Chan,marcuschanmba,2026-06-22,4d,https://www.linkedin.com/posts/marcuschanmba_the-5-pillars-of-weekly-sales-leadership-activity-7474793355588038657-05Wu,https://www.linkedin.com/feed/update/urn:li:ugcPost:7474645754863644674,35,29,6,2269,document,False,False,sales training; pipeline/building demand; leadership/career
Marcus Chan,https://www.linkedin.com/in/marcuschanmba/,15,14,Marcus Chan,marcuschanmba,2026-06-22,4d,https://www.linkedin.com/posts/marcuschanmba_promoting-your-top-rep-just-cost-you-two-activity-7474642348174417921-U_7b,https://www.linkedin.com/feed/update/urn:li:ugcPost:7474096947981668352,23,20,5,881,text,False,False,sales training; leadership/career; negotiation/closing
Marcus Chan,https://www.linkedin.com/in/marcuschanmba/,15,15,Marcus Chan,marcuschanmba,2026-06-21,5d,https://www.linkedin.com/posts/marcuschanmba_my-dad-is-78-he-still-wears-the-same-pants-activity-7474430980750114817-JJi4,https://www.linkedin.com/feed/update/urn:li:share:7474095732367458305,21,15,3,1493,image,True,False,general sales/content
